FirstForename,1
David,21
John,21
Paul,13
Mark,16
James,21
Andrew,21
Scott,17
Steven,10
Robert,21
Stephen,10
William,21
Craig,14
Michael,21
Stuart,11
Christopher,20
Alan,7
Colin,7
Brian,7
Kevin,7
Gary,7
Richard,7
Derek,7
Martin,7
Thomas,21
Neil,7
Barry,7
Ian,7
Jason,8
Iain,7
Gordon,7
Alexander,21
Graeme,7
Peter,11
Darren,9
Graham,7
George,19
Kenneth,7
Allan,7
Simon,6
Douglas,7
Keith,6
Lee,11
Anthony,7
Grant,8
Ross,18
Jonathan,8
Gavin,7
Nicholas,6
Joseph,20
Stewart,7
Daniel,21
Edward,6
Matthew,20
Donald,6
Fraser,20
Garry,6
Malcolm,6
Charles,9
Duncan,6
Alistair,6
Raymond,6
Philip,6
Ronald,6
Ewan,15
Ryan,21
Francis,6
Bruce,6
Patrick,8
Alastair,6
Bryan,6
Marc,7
Jamie,21
Hugh,6
Euan,19
Gerard,6
Sean,16
Wayne,6
Adam,20
Calum,19
Alasdair,6
Robin,6
Greig,6
Angus,20
Russell,6
Cameron,20
Roderick,6
Norman,3
Murray,21
Gareth,6
Dean,6
Eric,1
Adrian,2
Gregor,11
Samuel,20
Gerald,4
Henry,3
Justin,4
Benjamin,20
Shaun,10
Callum,16
Campbell,3
Frank,1
Roy,3
Timothy,6
Greg,6
Liam,17
Niall,3
Rory,17
Martyn,1
Wesley,1
Barrie,1
Antony,1
Kris,1
Lewis,15
Alex,10
Arran,15
Leon,15
Conor,4
Hamish,10
Lucas,15
Mitchell,1
Mohammed,8
Finn,15
Marcus,1
Jack,14
Ben,14
Kyle,14
Connor,14
Dylan,14
Aidan,13
Nathan,14
Joshua,14
Kieran,9
Aaron,14
Finlay,14
Logan,14
Aiden,14
Josh,13
Luke,14
Sam,13
Ethan,14
Jay,12
Robbie,13
Owen,14
Declan,10
Reece,9
Oliver,14
Jake,13
Max,14
Ciaran,4
Charlie,14
Brandon,6
Kai,14
Jordan,2
Taylor,8
Rhys,12
Harry,14
Louis,4
Tyler,13
Blair,14
Jacob,14
Evan,12
Leo,14
Archie,14
Kian,12
Harris,14
Joe,2
Mackenzie,3
Cole,14
Noah,13
Lennon,4
Harvey,5
Corey,7
Brodie,12
Kenzie,5
Luca,10
Alfie,12
Bailey,1
Jayden,10
Zak,4
Hayden,2
Caleb,11
Mason,11
Harrison,11
Riley,11
Kayden,8
Muhammad,10
Oscar,10
Calvin,7
Isaac,8
Ollie,8
Kaiden,3
Cody,7
Jude,8
Ruaridh,7
Cooper,7
Jackson,7
Zac,5
Olly,1
Blake,6
Shay,1
Callan,4
Reuben,4
Theo,5
Freddie,4
Jaxon,4
Carson,2
Brody,1
Zachary,1
Lachlan,2
Elliot,2
Sonny,1
Carter,2
Arthur,1
Arlo,2
Hunter,2
